id,star_annotation,gene_id,drug_id,phenotype,reference_id_y,p-value,source,id_in_source,region,Ethnicity,Notes,origin_of_participants
STAR2,CYP3A4*1,PHARGENE27,DRUG12,CYP3A4 *1/*22 + *22/*22 is associated with concentrations of simvastatin as compared to CYP3A4 *1/*1.,REF152,NS,PharmGKB,1184746928,African-American/Afro-Caribbean,NS,NS,USA
STAR3,CYP3A4*22,PHARGENE27,DRUG12,CYP3A4 *1/*22 + *22/*22 is associated with concentrations of simvastatin as compared to CYP3A4 *1/*1.,REF152,<0.01,PharmGKB,1184746928,African-American/Afro-Caribbean,NS,NS,USA
STAR196,CYP3A4*1,PHARGENE27,DRUG55,CYP3A4 *1/*1B is associated with increased dose of buprenorphine in people with Opioid-Related Disorders.,REF160,NS,PharmGKB,1449170970,African-American/Afro-Caribbean,NS,NS,USA
STAR197,CYP3A4*1B,PHARGENE27,DRUG55,CYP3A4 *1/*1B is associated with increased dose of buprenorphine in people with Opioid-Related Disorders.,REF160,NS,PharmGKB,1449170970,African-American/Afro-Caribbean,NS,NS,USA
STAR218,CYP3A4*1,PHARGENE27,DRUG11,CYP3A4 *1/*1B is associated with decreased dose-adjusted trough concentrations of tacrolimus in people with Kidney Transplantation as compared to CYP3A4 *1/*1.,REF54,< 0.0001,PharmGKB,1447674678,North Africa,NS,NS,Tunisia
STAR219,CYP3A4*1B,PHARGENE27,DRUG11,CYP3A4 *1/*1B is associated with decreased dose-adjusted trough concentrations of tacrolimus in people with Kidney Transplantation as compared to CYP3A4 *1/*1.,REF54,< 0.0001,PharmGKB,1447674678,North Africa,NS,NS,Tunisia
STAR221,CYP3A5*3A,PHARGENE28,DRUG11,CYP3A5 *1A/*1A + *1A/*3A is associated with decreased dose-adjusted trough concentrations of tacrolimus in people with Kidney Transplantation as compared to CYP3A5 *3A/*3A.,REF54,< 0.005,PharmGKB,1447674691,North Africa,NS,NS,Tunisia
STAR220,CYP3A5*1A,PHARGENE28,DRUG11,CYP3A5 *1A/*1A + *1A/*3A is associated with decreased dose-adjusted trough concentrations of tacrolimus in people with Kidney Transplantation as compared to CYP3A5 *3A/*3A.,REF54,< 0.005,PharmGKB,1447674691,North Africa,NS,NS,Tunisia
STAR175,CYP3A5*3A,PHARGENE28,DRUG11,CYP3A5 *3A + *6 + *7 are associated with decreased clearance of tacrolimus in people with Kidney Transplantation.,REF39,NS,PharmGKB,1448267244,African-American/Afro-Caribbean,NS,NS,USA
STAR176,CYP3A5*6,PHARGENE28,DRUG11,CYP3A5 *3A + *6 + *7 are associated with decreased clearance of tacrolimus in people with Kidney Transplantation.,REF39,NS,PharmGKB,1448267244,African-American/Afro-Caribbean,NS,NS,USA
STAR177,CYP3A5*7,PHARGENE28,DRUG11,CYP3A5 *3A + *6 + *7 are associated with decreased clearance of tacrolimus in people with Kidney Transplantation.,REF39,NS,PharmGKB,1448267244,African-American/Afro-Caribbean,NS,NS,USA
STAR194,CYP3A5*3A,PHARGENE28,DRUG11,CYP3A5 *1A/*1A + *1A/*3A + *1A/*6 is associated with increased concentrations of tacrolimus in people with Kidney Transplantation as compared to CYP3A5 *3A/*3A + *3A/*6 + *6/*6.,REF109,NS,PharmGKB,1449170428,African-American/Afro-Caribbean,NS,NS,USA
STAR207,CYP3A5*3A,PHARGENE28,DRUG11,CYP3A5 *1A/*1A + *1A/*3A + *1A/*6 is associated with increased concentrations of tacrolimus in people with Kidney Transplantation as compared to CYP3A5 *3A/*3A + *3A/*6 + *6/*6.,REF109,NS,PharmGKB,1449171185,African-American/Afro-Caribbean,NS,NS,USA
STAR194,CYP3A5*3A,PHARGENE28,DRUG11,CYP3A5 *1A/*1A + *1A/*3A + *1A/*6 is associated with increased dose of tacrolimus in people with Kidney Transplantation as compared to CYP3A5 *3A/*3A + *3A/*6 + *6/*6.,REF109,NS,PharmGKB,1449170428,African-American/Afro-Caribbean,NS,NS,USA
STAR207,CYP3A5*3A,PHARGENE28,DRUG11,CYP3A5 *1A/*1A + *1A/*3A + *1A/*6 is associated with increased dose of tacrolimus in people with Kidney Transplantation as compared to CYP3A5 *3A/*3A + *3A/*6 + *6/*6.,REF109,NS,PharmGKB,1449171185,African-American/Afro-Caribbean,NS,NS,USA
STAR195,CYP3A5*6,PHARGENE28,DRUG11,CYP3A5 *1A/*1A + *1A/*3A + *1A/*6 is associated with increased concentrations of tacrolimus in people with Kidney Transplantation as compared to CYP3A5 *3A/*3A + *3A/*6 + *6/*6.,REF109,NS,PharmGKB,1449170428,African-American/Afro-Caribbean,NS,NS,USA
STAR208,CYP3A5*6,PHARGENE28,DRUG11,CYP3A5 *1A/*1A + *1A/*3A + *1A/*6 is associated with increased concentrations of tacrolimus in people with Kidney Transplantation as compared to CYP3A5 *3A/*3A + *3A/*6 + *6/*6.,REF109,NS,PharmGKB,1449171185,African-American/Afro-Caribbean,NS,NS,USA
STAR195,CYP3A5*6,PHARGENE28,DRUG11,CYP3A5 *1A/*1A + *1A/*3A + *1A/*6 is associated with increased dose of tacrolimus in people with Kidney Transplantation as compared to CYP3A5 *3A/*3A + *3A/*6 + *6/*6.,REF109,NS,PharmGKB,1449170428,African-American/Afro-Caribbean,NS,NS,USA
STAR208,CYP3A5*6,PHARGENE28,DRUG11,CYP3A5 *1A/*1A + *1A/*3A + *1A/*6 is associated with increased dose of tacrolimus in people with Kidney Transplantation as compared to CYP3A5 *3A/*3A + *3A/*6 + *6/*6.,REF109,NS,PharmGKB,1449171185,African-American/Afro-Caribbean,NS,NS,USA
STAR193,CYP3A5*1A,PHARGENE28,DRUG11,CYP3A5 *1A/*1A + *1A/*3A + *1A/*6 is associated with increased concentrations of tacrolimus in people with Kidney Transplantation as compared to CYP3A5 *3A/*3A + *3A/*6 + *6/*6.,REF109,NS,PharmGKB,1449170428,African-American/Afro-Caribbean,NS,NS,USA
STAR206,CYP3A5*1A,PHARGENE28,DRUG11,CYP3A5 *1A/*1A + *1A/*3A + *1A/*6 is associated with increased concentrations of tacrolimus in people with Kidney Transplantation as compared to CYP3A5 *3A/*3A + *3A/*6 + *6/*6.,REF109,NS,PharmGKB,1449171185,African-American/Afro-Caribbean,NS,NS,USA
STAR193,CYP3A5*1A,PHARGENE28,DRUG11,CYP3A5 *1A/*1A + *1A/*3A + *1A/*6 is associated with increased dose of tacrolimus in people with Kidney Transplantation as compared to CYP3A5 *3A/*3A + *3A/*6 + *6/*6.,REF109,NS,PharmGKB,1449170428,African-American/Afro-Caribbean,NS,NS,USA
STAR206,CYP3A5*1A,PHARGENE28,DRUG11,CYP3A5 *1A/*1A + *1A/*3A + *1A/*6 is associated with increased dose of tacrolimus in people with Kidney Transplantation as compared to CYP3A5 *3A/*3A + *3A/*6 + *6/*6.,REF109,NS,PharmGKB,1449171185,African-American/Afro-Caribbean,NS,NS,USA
STAR199,CYP3A5*3A,PHARGENE28,DRUG11,CYP3A5 *1A/*1A + *1A/*3A + *1A/*6 + *1A/*7 is associated with increased dose of tacrolimus in people with Kidney Transplantation as compared to CYP3A5 *3A/*3A + *3A/*6 + *3A/*7 + *6/*6 + *6/*7 + *7/*7.,REF164,< 0.001,PharmGKB,1449183103,African-American/Afro-Caribbean,NS,NS,USA
STAR200,CYP3A5*6,PHARGENE28,DRUG11,CYP3A5 *1A/*1A + *1A/*3A + *1A/*6 + *1A/*7 is associated with increased dose of tacrolimus in people with Kidney Transplantation as compared to CYP3A5 *3A/*3A + *3A/*6 + *3A/*7 + *6/*6 + *6/*7 + *7/*7.,REF164,< 0.001,PharmGKB,1449183103,African-American/Afro-Caribbean,NS,NS,USA
STAR201,CYP3A5*7,PHARGENE28,DRUG11,CYP3A5 *1A/*1A + *1A/*3A + *1A/*6 + *1A/*7 is associated with increased dose of tacrolimus in people with Kidney Transplantation as compared to CYP3A5 *3A/*3A + *3A/*6 + *3A/*7 + *6/*6 + *6/*7 + *7/*7.,REF164,< 0.001,PharmGKB,1449183103,African-American/Afro-Caribbean,NS,NS,USA
STAR198,CYP3A5*1A,PHARGENE28,DRUG11,CYP3A5 *1A/*1A + *1A/*3A + *1A/*6 + *1A/*7 is associated with increased dose of tacrolimus in people with Kidney Transplantation as compared to CYP3A5 *3A/*3A + *3A/*6 + *3A/*7 + *6/*6 + *6/*7 + *7/*7.,REF164,< 0.001,PharmGKB,1449183103,African-American/Afro-Caribbean,NS,NS,USA
STAR22,CYP3A5*3A,PHARGENE28,DRUG21,CYP3A5 *3A/*3A is associated with decreased clearance of carbamazepine in people with Epilepsy as compared to CYP3A5 *1A/*1A + *1A/*3A.,REF117,0.037,PharmGKB,981501747,African-American/Afro-Caribbean,African-American/Afro-Caribbean,NS,USA
STAR21,CYP3A5*1A,PHARGENE28,DRUG21,CYP3A5 *3A/*3A is associated with decreased clearance of carbamazepine in people with Epilepsy as compared to CYP3A5 *1A/*1A + *1A/*3A.,REF117,NS,PharmGKB,981501747,African-American/Afro-Caribbean,NS,NS,USA
STAR34,CYP3A5*3A,PHARGENE28,DRUG29,CYP3A5 *3A/*3A is associated with decreased response to atorvastatin in people with Hypercholesterolemia as compared to CYP3A5 *1A/*1A + *1A/*3A.,REF103,>0.05,PharmGKB,982044254,African-American/Afro-Caribbean,African descent,Phenotype is incorrect. *3A was associated in Non-Africans.,Brazil
STAR122,CYP3A5*3A,PHARGENE28,DRUG39,CYP3A5 *3A + *6 + *7 are associated with decreased metabolism of atazanavir in healthy individuals as compared to CYP3A5 *1A.,REF57,>0.05,PharmGKB,1184998561,African-American/Afro-Caribbean,African-American/Afro-Caribbean,Phenotype is incorrect. *3A was associated in Non-Africans.,USA
STAR126,CYP3A5*3A,PHARGENE28,DRUG39,CYP3A5 *3A + *6 + *7 are associated with decreased metabolism of atazanavir in healthy individuals as compared to CYP3A5 *1A.,REF57,>0.05,PharmGKB,1184998461,African-American/Afro-Caribbean,African-American/Afro-Caribbean,Phenotype is incorrect. *3A was associated in Non-Africans.,USA
STAR123,CYP3A5*6,PHARGENE28,DRUG39,CYP3A5 *3A + *6 + *7 are associated with decreased metabolism of atazanavir in healthy individuals as compared to CYP3A5 *1A.,REF57,>0.05,PharmGKB,1184998561,African-American/Afro-Caribbean,African-American/Afro-Caribbean,Phenotype is incorrect. *3A was associated in Non-Africans.,USA
STAR127,CYP3A5*6,PHARGENE28,DRUG39,CYP3A5 *3A + *6 + *7 are associated with decreased metabolism of atazanavir in healthy individuals as compared to CYP3A5 *1A.,REF57,>0.05,PharmGKB,1184998461,African-American/Afro-Caribbean,African-American/Afro-Caribbean,Phenotype is incorrect. *3A was associated in Non-Africans.,USA
STAR124,CYP3A5*7,PHARGENE28,DRUG39,CYP3A5 *3A + *6 + *7 are associated with decreased metabolism of atazanavir in healthy individuals as compared to CYP3A5 *1A.,REF57,>0.05,PharmGKB,1184998561,African-American/Afro-Caribbean,African-American/Afro-Caribbean,Phenotype is incorrect. *3A was associated in Non-Africans.,USA
STAR128,CYP3A5*7,PHARGENE28,DRUG39,CYP3A5 *3A + *6 + *7 are associated with decreased metabolism of atazanavir in healthy individuals as compared to CYP3A5 *1A.,REF57,>0.05,PharmGKB,1184998461,African-American/Afro-Caribbean,African-American/Afro-Caribbean,Phenotype is incorrect. *3A was associated in Non-Africans.,USA
STAR121,CYP3A5*1A,PHARGENE28,DRUG39,CYP3A5 *3A + *6 + *7 are associated with decreased metabolism of atazanavir in healthy individuals as compared to CYP3A5 *1A.,REF57,>0.05,PharmGKB,1184998561,African-American/Afro-Caribbean,African-American/Afro-Caribbean,Phenotype is incorrect. Association not observed in African subgroup.,USA
STAR125,CYP3A5*1A,PHARGENE28,DRUG39,CYP3A5 *3A + *6 + *7 are associated with decreased metabolism of atazanavir in healthy individuals as compared to CYP3A5 *1A.,REF57,>0.05,PharmGKB,1184998461,African-American/Afro-Caribbean,African-American/Afro-Caribbean,Phenotype is incorrect. Association not observed in African subgroup.,USA
STAR4,CYP2A6*1A,PHARGENE20,DRUG18,CYP2A6 *1A/*20 is associated with decreased metabolism of nicotine in healthy individuals as compared to CYP2A6 *1A/*1A.,REF129,NS,PharmGKB,827827639,African-American/Afro-Caribbean,NS,NS,USA
STAR13,CYP2A6*1A,PHARGENE20,DRUG18,CYP2A6 *1A/*20 is associated with decreased metabolism of nicotine in healthy individuals as compared to CYP2A6 *1A/*1A.,REF129,NS,PharmGKB,827827648,African-American/Afro-Caribbean,NS,NS,USA
STAR4,CYP2A6*1A,PHARGENE20,DRUG18,CYP2A6 *17/*20 is associated with decreased metabolism of nicotine in healthy individuals as compared to CYP2A6 *1A/*1A.,REF129,NS,PharmGKB,827827639,African-American/Afro-Caribbean,NS,NS,USA
STAR13,CYP2A6*1A,PHARGENE20,DRUG18,CYP2A6 *17/*20 is associated with decreased metabolism of nicotine in healthy individuals as compared to CYP2A6 *1A/*1A.,REF129,NS,PharmGKB,827827648,African-American/Afro-Caribbean,NS,NS,USA
STAR5,CYP2A6*20,PHARGENE20,DRUG18,CYP2A6 *1A/*20 is associated with decreased metabolism of nicotine in healthy individuals as compared to CYP2A6 *1A/*1A.,REF129,NS,PharmGKB,827827639,African-American/Afro-Caribbean,NS,NS,USA
STAR14,CYP2A6*20,PHARGENE20,DRUG18,CYP2A6 *1A/*20 is associated with decreased metabolism of nicotine in healthy individuals as compared to CYP2A6 *1A/*1A.,REF129,NS,PharmGKB,827827648,African-American/Afro-Caribbean,NS,NS,USA
STAR5,CYP2A6*20,PHARGENE20,DRUG18,CYP2A6 *17/*20 is associated with decreased metabolism of nicotine in healthy individuals as compared to CYP2A6 *1A/*1A.,REF129,NS,PharmGKB,827827639,African-American/Afro-Caribbean,NS,NS,USA
STAR14,CYP2A6*20,PHARGENE20,DRUG18,CYP2A6 *17/*20 is associated with decreased metabolism of nicotine in healthy individuals as compared to CYP2A6 *1A/*1A.,REF129,NS,PharmGKB,827827648,African-American/Afro-Caribbean,NS,NS,USA
STAR12,CYP2A6*17,PHARGENE20,DRUG18,CYP2A6 *17/*20 is associated with decreased metabolism of nicotine in healthy individuals as compared to CYP2A6 *1A/*1A.,REF129,NS,PharmGKB,827827648,African-American/Afro-Caribbean,NS,NS,USA
STAR6,CYP2A6*1A,PHARGENE20,DRUG18,CYP2A6 *1X2B is associated with increased metabolism of nicotine as compared to CYP2A6 *1A.,REF58,> 0.05,PharmGKB,827827796,African-American/Afro-Caribbean,NS,NS,USA
STAR7,CYP2A6*1X2B,PHARGENE20,DRUG18,CYP2A6 *1X2B is associated with increased metabolism of nicotine as compared to CYP2A6 *1A.,REF58,> 0.05,PharmGKB,827827796,African-American/Afro-Caribbean,NS,NS,USA
STAR8,CYP2A6*17,PHARGENE20,DRUG18,CYP2A6 *4A/*17 + *9/*26 are associated with decreased metabolism of nicotine.,REF17,NS,PharmGKB,1447982613,African-American/Afro-Caribbean,NS,NS,USA
STAR9,CYP2A6*26,PHARGENE20,DRUG18,CYP2A6 *4A/*17 + *9/*26 are associated with decreased metabolism of nicotine.,REF17,NS,PharmGKB,1447982613,African-American/Afro-Caribbean,NS,NS,USA
STAR10,CYP2A6*4A,PHARGENE20,DRUG18,CYP2A6 *4A/*17 + *9/*26 are associated with decreased metabolism of nicotine.,REF17,NS,PharmGKB,1447982613,African-American/Afro-Caribbean,NS,NS,USA
STAR11,CYP2A6*9,PHARGENE20,DRUG18,CYP2A6 *4A/*17 + *9/*26 are associated with decreased metabolism of nicotine.,REF17,NS,PharmGKB,1447982613,African-American/Afro-Caribbean,NS,NS,USA
STAR53,CYP2C9*1,PHARGENE25,DRUG1,CYP2C9 *11 + *2 + *3 + *5 + *6 is associated with decreased dose of warfarin as compared to CYP2C9 *1.,REF108,0.59,PharmGKB,1183701419,African-American/Afro-Caribbean,NS,NS,USA
STAR54,CYP2C9*10,PHARGENE25,DRUG1,CYP2C9 *11 + *2 + *3 + *5 + *6 is associated with decreased dose of warfarin as compared to CYP2C9 *1.,REF108,0.59,PharmGKB,1183701419,African-American/Afro-Caribbean,NS,NS,USA
STAR55,CYP2C9*11,PHARGENE25,DRUG1,CYP2C9 *11 + *2 + *3 + *5 + *6 is associated with decreased dose of warfarin as compared to CYP2C9 *1.,REF108,0.59,PharmGKB,1183701419,African-American/Afro-Caribbean,NS,NS,USA
STAR56,CYP2C9*2,PHARGENE25,DRUG1,CYP2C9 *11 + *2 + *3 + *5 + *6 is associated with decreased dose of warfarin as compared to CYP2C9 *1.,REF108,0.59,PharmGKB,1183701419,African-American/Afro-Caribbean,NS,NS,USA
STAR57,CYP2C9*3,PHARGENE25,DRUG1,CYP2C9 *11 + *2 + *3 + *5 + *6 is associated with decreased dose of warfarin as compared to CYP2C9 *1.,REF108,0.59,PharmGKB,1183701419,African-American/Afro-Caribbean,NS,NS,USA
STAR58,CYP2C9*5,PHARGENE25,DRUG1,CYP2C9 *11 + *2 + *3 + *5 + *6 is associated with decreased dose of warfarin as compared to CYP2C9 *1.,REF108,0.59,PharmGKB,1183701419,African-American/Afro-Caribbean,NS,NS,USA
STAR59,CYP2C9*6,PHARGENE25,DRUG1,CYP2C9 *11 + *2 + *3 + *5 + *6 is associated with decreased dose of warfarin as compared to CYP2C9 *1.,REF108,0.59,PharmGKB,1183701419,African-American/Afro-Caribbean,NS,NS,USA
STAR61,CYP2C9*1,PHARGENE25,DRUG1,CYP2C9 *8/*8 is associated with decreased dose of warfarin as compared to CYP2C9 *1/*1.,REF60,NS,PharmGKB,1183700910,African-American/Afro-Caribbean,NS,NS,USA
STAR62,CYP2C9*8,PHARGENE25,DRUG1,CYP2C9 *8/*8 is associated with decreased dose of warfarin as compared to CYP2C9 *1/*1.,REF60,NS,PharmGKB,1183700910,African-American/Afro-Caribbean,NS,NS,USA
STAR131,CYP2C9*1,PHARGENE25,DRUG1,CYP2C9 *5 + *6 + *11 are associated with decreased dose of warfarin as compared to CYP2C9 *1/*1.,REF128,NS,PharmGKB,1445296737,African-American/Afro-Caribbean,NS,NS,USA
STAR137,CYP2C9*1,PHARGENE25,DRUG1,CYP2C9 *5 + *6 + *11 are associated with decreased dose of warfarin as compared to CYP2C9 *1/*1.,REF128,NS,PharmGKB,1445296627,African-American/Afro-Caribbean,NS,NS,USA
STAR139,CYP2C9*1,PHARGENE25,DRUG1,CYP2C9 *5 + *6 + *11 are associated with decreased dose of warfarin as compared to CYP2C9 *1/*1.,REF128,NS,PharmGKB,1445296671,African-American/Afro-Caribbean,NS,NS,USA
STAR131,CYP2C9*1,PHARGENE25,DRUG1,CYP2C9 *1/*2 + *2/*2 are associated with decreased dose of warfarin as compared to CYP2C9 *1/*1.,REF128,NS,PharmGKB,1445296737,African-American/Afro-Caribbean,NS,NS,USA
STAR137,CYP2C9*1,PHARGENE25,DRUG1,CYP2C9 *1/*2 + *2/*2 are associated with decreased dose of warfarin as compared to CYP2C9 *1/*1.,REF128,NS,PharmGKB,1445296627,African-American/Afro-Caribbean,NS,NS,USA
STAR139,CYP2C9*1,PHARGENE25,DRUG1,CYP2C9 *1/*2 + *2/*2 are associated with decreased dose of warfarin as compared to CYP2C9 *1/*1.,REF128,NS,PharmGKB,1445296671,African-American/Afro-Caribbean,NS,NS,USA
STAR131,CYP2C9*1,PHARGENE25,DRUG1,CYP2C9 *1/*3 + *3/*3 are associated with decreased dose of warfarin as compared to CYP2C9 *1/*1.,REF128,NS,PharmGKB,1445296737,African-American/Afro-Caribbean,NS,NS,USA
STAR137,CYP2C9*1,PHARGENE25,DRUG1,CYP2C9 *1/*3 + *3/*3 are associated with decreased dose of warfarin as compared to CYP2C9 *1/*1.,REF128,NS,PharmGKB,1445296627,African-American/Afro-Caribbean,NS,NS,USA
STAR139,CYP2C9*1,PHARGENE25,DRUG1,CYP2C9 *1/*3 + *3/*3 are associated with decreased dose of warfarin as compared to CYP2C9 *1/*1.,REF128,NS,PharmGKB,1445296671,African-American/Afro-Caribbean,NS,NS,USA
STAR132,CYP2C9*11,PHARGENE25,DRUG1,CYP2C9 *5 + *6 + *11 are associated with decreased dose of warfarin as compared to CYP2C9 *1/*1.,REF128,0.11,PharmGKB,1445296737,African-American/Afro-Caribbean,NS,NS,USA
STAR138,CYP2C9*2,PHARGENE25,DRUG1,CYP2C9 *1/*2 + *2/*2 are associated with decreased dose of warfarin as compared to CYP2C9 *1/*1.,REF128,0.68,PharmGKB,1445296627,African-American/Afro-Caribbean,NS,NS,USA
STAR140,CYP2C9*3,PHARGENE25,DRUG1,CYP2C9 *1/*3 + *3/*3 are associated with decreased dose of warfarin as compared to CYP2C9 *1/*1.,REF128,<.001,PharmGKB,1445296671,African-American/Afro-Caribbean,NS,CYP2C9,USA
STAR133,CYP2C9*5,PHARGENE25,DRUG1,CYP2C9 *5 + *6 + *11 are associated with decreased dose of warfarin as compared to CYP2C9 *1/*1.,REF128,0.11,PharmGKB,1445296737,African-American/Afro-Caribbean,NS,NS,USA
STAR134,CYP2C9*6,PHARGENE25,DRUG1,CYP2C9 *5 + *6 + *11 are associated with decreased dose of warfarin as compared to CYP2C9 *1/*1.,REF128,0.11,PharmGKB,1445296737,African-American/Afro-Caribbean,NS,NS,USA
STAR135,CYP2C9*1,PHARGENE25,DRUG1,CYP2C9 *1/*8 + *8/*8 are associated with decreased clearance of warfarin as compared to CYP2C9 *1/*1.,REF74,NS,PharmGKB,1444695840,African-American/Afro-Caribbean,NS,NS,USA
STAR136,CYP2C9*8,PHARGENE25,DRUG1,CYP2C9 *1/*8 + *8/*8 are associated with decreased clearance of warfarin as compared to CYP2C9 *1/*1.,REF74,< 0.05,PharmGKB,1444695840,African-American/Afro-Caribbean,NS,NS,USA
STAR158,CYP2C9*1,PHARGENE25,DRUG1,CYP2C9 *2 + *3 + *5 + *6 + *11 are associated with decreased dose of warfarin as compared to CYP2C9 *1/*1.,REF7,<0.0001,PharmGKB,1447519652,African-American/Afro-Caribbean,African-American/Afro-Caribbean,NS,USA
STAR159,CYP2C9*11,PHARGENE25,DRUG1,CYP2C9 *2 + *3 + *5 + *6 + *11 are associated with decreased dose of warfarin as compared to CYP2C9 *1/*1.,REF7,<0.0001,PharmGKB,1447519652,African-American/Afro-Caribbean,NS,NS,USA
STAR160,CYP2C9*2,PHARGENE25,DRUG1,CYP2C9 *2 + *3 + *5 + *6 + *11 are associated with decreased dose of warfarin as compared to CYP2C9 *1/*1.,REF7,<0.0001,PharmGKB,1447519652,African-American/Afro-Caribbean,NS,NS,USA
STAR161,CYP2C9*3,PHARGENE25,DRUG1,CYP2C9 *2 + *3 + *5 + *6 + *11 are associated with decreased dose of warfarin as compared to CYP2C9 *1/*1.,REF7,<0.0001,PharmGKB,1447519652,African-American/Afro-Caribbean,NS,NS,USA
STAR162,CYP2C9*5,PHARGENE25,DRUG1,CYP2C9 *2 + *3 + *5 + *6 + *11 are associated with decreased dose of warfarin as compared to CYP2C9 *1/*1.,REF7,<0.0001,PharmGKB,1447519652,African-American/Afro-Caribbean,NS,NS,USA
STAR163,CYP2C9*6,PHARGENE25,DRUG1,CYP2C9 *2 + *3 + *5 + *6 + *11 are associated with decreased dose of warfarin as compared to CYP2C9 *1/*1.,REF7,<0.0001,PharmGKB,1447519652,African-American/Afro-Caribbean,NS,NS,USA
STAR164,CYP2C9*1,PHARGENE25,DRUG1,CYP2C9 *2 + *3 are associated with decreased dose of warfarin as compared to CYP2C9 *1/*1.,REF44,0.81,PharmGKB,1447520623,African-American/Afro-Caribbean,NS,There was no apparent differences in warfarin dose requirements or anticoagulation control based on CYP2C9 genotype in Africanâ€“Americans.,USA
STAR165,CYP2C9*2,PHARGENE25,DRUG1,CYP2C9 *2 + *3 are associated with decreased dose of warfarin as compared to CYP2C9 *1/*1.,REF44,NS,PharmGKB,1447520623,African-American/Afro-Caribbean,NS,NS,USA
STAR166,CYP2C9*3,PHARGENE25,DRUG1,CYP2C9 *2 + *3 are associated with decreased dose of warfarin as compared to CYP2C9 *1/*1.,REF44,NS,PharmGKB,1447520623,African-American/Afro-Caribbean,NS,NS,USA
STAR183,CYP2C9*1,PHARGENE25,DRUG1,CYP2C9 *2 + *3 + *5 + *8 + *11 are associated with decreased dose of warfarin as compared to CYP2C9 *1/*1.,REF149,NS,PharmGKB,1448573256,African-American/Afro-Caribbean,NS,NS,USA
STAR184,CYP2C9*11,PHARGENE25,DRUG1,CYP2C9 *2 + *3 + *5 + *8 + *11 are associated with decreased dose of warfarin as compared to CYP2C9 *1/*1.,REF149,NS,PharmGKB,1448573256,African-American/Afro-Caribbean,NS,NS,USA
STAR185,CYP2C9*2,PHARGENE25,DRUG1,CYP2C9 *2 + *3 + *5 + *8 + *11 are associated with decreased dose of warfarin as compared to CYP2C9 *1/*1.,REF149,NS,PharmGKB,1448573256,African-American/Afro-Caribbean,NS,NS,USA
STAR186,CYP2C9*3,PHARGENE25,DRUG1,CYP2C9 *2 + *3 + *5 + *8 + *11 are associated with decreased dose of warfarin as compared to CYP2C9 *1/*1.,REF149,NS,PharmGKB,1448573256,African-American/Afro-Caribbean,NS,NS,USA
STAR187,CYP2C9*5,PHARGENE25,DRUG1,CYP2C9 *2 + *3 + *5 + *8 + *11 are associated with decreased dose of warfarin as compared to CYP2C9 *1/*1.,REF149,NS,PharmGKB,1448573256,African-American/Afro-Caribbean,NS,NS,USA
STAR188,CYP2C9*8,PHARGENE25,DRUG1,CYP2C9 *2 + *3 + *5 + *8 + *11 are associated with decreased dose of warfarin as compared to CYP2C9 *1/*1.,REF149,NS,PharmGKB,1448573256,African-American/Afro-Caribbean,NS,NS,USA
STAR222,CYP2C9*1,PHARGENE25,DRUG27,"CYP2C9 *3 is associated with decreased dose of acenocoumarol in people with Atrial Fibrillation, Atrial Flutter or Venous Thrombosis as compared to CYP2C9 *1.",REF13,NS,PharmGKB,1449188274,North Africa,NS,NS,Tunisia
STAR224,CYP2C9*1,PHARGENE25,DRUG27,"CYP2C9 *3 is associated with decreased dose of acenocoumarol in people with Atrial Fibrillation, Atrial Flutter or Venous Thrombosis as compared to CYP2C9 *1.",REF13,NS,PharmGKB,1449188252,North Africa,NS,NS,Tunisia
STAR222,CYP2C9*1,PHARGENE25,DRUG27,CYP2C9 *2 is associated with decreased dose of acenocoumarol in people with Atrial Fibrillation as compared to CYP2C9 *1.,REF13,NS,PharmGKB,1449188274,North Africa,NS,NS,Tunisia
STAR224,CYP2C9*1,PHARGENE25,DRUG27,CYP2C9 *2 is associated with decreased dose of acenocoumarol in people with Atrial Fibrillation as compared to CYP2C9 *1.,REF13,NS,PharmGKB,1449188252,North Africa,NS,NS,Tunisia
STAR225,CYP2C9*2,PHARGENE25,DRUG27,CYP2C9 *2 is associated with decreased dose of acenocoumarol in people with Atrial Fibrillation as compared to CYP2C9 *1.,REF13,0.013,PharmGKB,1449188252,North Africa,NS,NS,Tunisia
STAR223,CYP2C9*3,PHARGENE25,DRUG27,"CYP2C9 *3 is associated with decreased dose of acenocoumarol in people with Atrial Fibrillation, Atrial Flutter or Venous Thrombosis as compared to CYP2C9 *1.",REF13,0.008,PharmGKB,1449188274,North Africa,NS,NS,Tunisia
STAR40,CYP2C9*1,PHARGENE25,DRUG1,CYP2C9 *2 + *6 + *5 + *11 is associated with decreased dose of warfarin as compared to CYP2C9 *1/*1.,REF113,NS,PharmGKB,1184510263,North Africa,NS,NS,Sudan
STAR68,CYP2C9*1,PHARGENE25,DRUG1,CYP2C9 *2 + *6 + *5 + *11 is associated with decreased dose of warfarin as compared to CYP2C9 *1/*1.,REF113,NS,PharmGKB,1184510278,North Africa,NS,NS,Sudan
STAR40,CYP2C9*1,PHARGENE25,DRUG1,CYP2C9 *2 + *6 + *5 + *11 is associated with decreased dose of warfarin as compared to CYP2C9 *1/*1 + *1/*8 + *1/*9 + *9/*9.,REF113,NS,PharmGKB,1184510263,North Africa,NS,NS,Sudan
STAR68,CYP2C9*1,PHARGENE25,DRUG1,CYP2C9 *2 + *6 + *5 + *11 is associated with decreased dose of warfarin as compared to CYP2C9 *1/*1 + *1/*8 + *1/*9 + *9/*9.,REF113,NS,PharmGKB,1184510278,North Africa,NS,NS,Sudan
STAR41,CYP2C9*11,PHARGENE25,DRUG1,CYP2C9 *2 + *6 + *5 + *11 is associated with decreased dose of warfarin as compared to CYP2C9 *1/*1.,REF113,<0.0001,PharmGKB,1184510263,North Africa,NS,NS,Sudan
STAR69,CYP2C9*11,PHARGENE25,DRUG1,CYP2C9 *2 + *6 + *5 + *11 is associated with decreased dose of warfarin as compared to CYP2C9 *1/*1.,REF113,<0.0001,PharmGKB,1184510278,North Africa,NS,NS,Sudan
STAR41,CYP2C9*11,PHARGENE25,DRUG1,CYP2C9 *2 + *6 + *5 + *11 is associated with decreased dose of warfarin as compared to CYP2C9 *1/*1 + *1/*8 + *1/*9 + *9/*9.,REF113,<0.0001,PharmGKB,1184510263,North Africa,NS,NS,Sudan
STAR69,CYP2C9*11,PHARGENE25,DRUG1,CYP2C9 *2 + *6 + *5 + *11 is associated with decreased dose of warfarin as compared to CYP2C9 *1/*1 + *1/*8 + *1/*9 + *9/*9.,REF113,<0.0001,PharmGKB,1184510278,North Africa,NS,NS,Sudan
STAR42,CYP2C9*2,PHARGENE25,DRUG1,CYP2C9 *2 + *6 + *5 + *11 is associated with decreased dose of warfarin as compared to CYP2C9 *1/*1.,REF113,<0.0001,PharmGKB,1184510263,North Africa,NS,NS,Sudan
STAR70,CYP2C9*2,PHARGENE25,DRUG1,CYP2C9 *2 + *6 + *5 + *11 is associated with decreased dose of warfarin as compared to CYP2C9 *1/*1.,REF113,<0.0001,PharmGKB,1184510278,North Africa,NS,NS,Sudan
STAR42,CYP2C9*2,PHARGENE25,DRUG1,CYP2C9 *2 + *6 + *5 + *11 is associated with decreased dose of warfarin as compared to CYP2C9 *1/*1 + *1/*8 + *1/*9 + *9/*9.,REF113,<0.0001,PharmGKB,1184510263,North Africa,NS,NS,Sudan
STAR70,CYP2C9*2,PHARGENE25,DRUG1,CYP2C9 *2 + *6 + *5 + *11 is associated with decreased dose of warfarin as compared to CYP2C9 *1/*1 + *1/*8 + *1/*9 + *9/*9.,REF113,<0.0001,PharmGKB,1184510278,North Africa,NS,NS,Sudan
STAR43,CYP2C9*5,PHARGENE25,DRUG1,CYP2C9 *2 + *6 + *5 + *11 is associated with decreased dose of warfarin as compared to CYP2C9 *1/*1.,REF113,<0.0001,PharmGKB,1184510263,North Africa,NS,NS,Sudan
STAR71,CYP2C9*5,PHARGENE25,DRUG1,CYP2C9 *2 + *6 + *5 + *11 is associated with decreased dose of warfarin as compared to CYP2C9 *1/*1.,REF113,<0.0001,PharmGKB,1184510278,North Africa,NS,NS,Sudan
STAR43,CYP2C9*5,PHARGENE25,DRUG1,CYP2C9 *2 + *6 + *5 + *11 is associated with decreased dose of warfarin as compared to CYP2C9 *1/*1 + *1/*8 + *1/*9 + *9/*9.,REF113,<0.0001,PharmGKB,1184510263,North Africa,NS,NS,Sudan
STAR71,CYP2C9*5,PHARGENE25,DRUG1,CYP2C9 *2 + *6 + *5 + *11 is associated with decreased dose of warfarin as compared to CYP2C9 *1/*1 + *1/*8 + *1/*9 + *9/*9.,REF113,<0.0001,PharmGKB,1184510278,North Africa,NS,NS,Sudan
STAR44,CYP2C9*6,PHARGENE25,DRUG1,CYP2C9 *2 + *6 + *5 + *11 is associated with decreased dose of warfarin as compared to CYP2C9 *1/*1.,REF113,<0.0001,PharmGKB,1184510263,North Africa,NS,NS,Sudan
STAR72,CYP2C9*6,PHARGENE25,DRUG1,CYP2C9 *2 + *6 + *5 + *11 is associated with decreased dose of warfarin as compared to CYP2C9 *1/*1.,REF113,<0.0001,PharmGKB,1184510278,North Africa,NS,NS,Sudan
STAR44,CYP2C9*6,PHARGENE25,DRUG1,CYP2C9 *2 + *6 + *5 + *11 is associated with decreased dose of warfarin as compared to CYP2C9 *1/*1 + *1/*8 + *1/*9 + *9/*9.,REF113,<0.0001,PharmGKB,1184510263,North Africa,NS,NS,Sudan
STAR72,CYP2C9*6,PHARGENE25,DRUG1,CYP2C9 *2 + *6 + *5 + *11 is associated with decreased dose of warfarin as compared to CYP2C9 *1/*1 + *1/*8 + *1/*9 + *9/*9.,REF113,<0.0001,PharmGKB,1184510278,North Africa,NS,NS,Sudan
STAR73,CYP2C9*8,PHARGENE25,DRUG1,CYP2C9 *2 + *6 + *5 + *11 is associated with decreased dose of warfarin as compared to CYP2C9 *1/*1 + *1/*8 + *1/*9 + *9/*9.,REF113,<0.0001,PharmGKB,1184510278,North Africa,NS,NS,Sudan
STAR74,CYP2C9*9,PHARGENE25,DRUG1,CYP2C9 *2 + *6 + *5 + *11 is associated with decreased dose of warfarin as compared to CYP2C9 *1/*1 + *1/*8 + *1/*9 + *9/*9.,REF113,<0.0001,PharmGKB,1184510278,North Africa,NS,NS,Sudan
STAR210,CYP2C9*1,PHARGENE25,DRUG27,CYP2C9 *1/*2 is not associated with dose of acenocoumarol.,REF35,NS,PharmGKB,982010090,North Africa,NS,NS,Morocco
STAR212,CYP2C9*1,PHARGENE25,DRUG27,CYP2C9 *1/*2 is not associated with dose of acenocoumarol.,REF35,NS,PharmGKB,982010010,North Africa,NS,NS,Morocco
STAR213,CYP2C9*1,PHARGENE25,DRUG27,CYP2C9 *1/*2 is not associated with dose of acenocoumarol.,REF35,NS,PharmGKB,982010082,North Africa,NS,NS,Morocco
STAR214,CYP2C9*1,PHARGENE25,DRUG27,CYP2C9 *1/*2 is not associated with dose of acenocoumarol.,REF35,NS,PharmGKB,982010097,North Africa,NS,NS,Morocco
STAR210,CYP2C9*1,PHARGENE25,DRUG27,CYP2C9 *1/*1 is associated with increased dose of acenocoumarol.,REF35,NS,PharmGKB,982010090,North Africa,NS,NS,Morocco
STAR212,CYP2C9*1,PHARGENE25,DRUG27,CYP2C9 *1/*1 is associated with increased dose of acenocoumarol.,REF35,NS,PharmGKB,982010010,North Africa,NS,NS,Morocco
STAR213,CYP2C9*1,PHARGENE25,DRUG27,CYP2C9 *1/*1 is associated with increased dose of acenocoumarol.,REF35,NS,PharmGKB,982010082,North Africa,NS,NS,Morocco
STAR214,CYP2C9*1,PHARGENE25,DRUG27,CYP2C9 *1/*1 is associated with increased dose of acenocoumarol.,REF35,NS,PharmGKB,982010097,North Africa,NS,NS,Morocco
STAR210,CYP2C9*1,PHARGENE25,DRUG27,CYP2C9 *1/*3 is not associated with dose of acenocoumarol.,REF35,NS,PharmGKB,982010090,North Africa,NS,NS,Morocco
STAR212,CYP2C9*1,PHARGENE25,DRUG27,CYP2C9 *1/*3 is not associated with dose of acenocoumarol.,REF35,NS,PharmGKB,982010010,North Africa,NS,NS,Morocco
STAR213,CYP2C9*1,PHARGENE25,DRUG27,CYP2C9 *1/*3 is not associated with dose of acenocoumarol.,REF35,NS,PharmGKB,982010082,North Africa,NS,NS,Morocco
STAR214,CYP2C9*1,PHARGENE25,DRUG27,CYP2C9 *1/*3 is not associated with dose of acenocoumarol.,REF35,NS,PharmGKB,982010097,North Africa,NS,NS,Morocco
STAR211,CYP2C9*2,PHARGENE25,DRUG27,CYP2C9 *1/*2 is not associated with dose of acenocoumarol.,REF35,0.0082,PharmGKB,982010090,North Africa,NS,NS,Morocco
STAR215,CYP2C9*3,PHARGENE25,DRUG27,CYP2C9 *1/*3 is not associated with dose of acenocoumarol.,REF35,0.0082,PharmGKB,982010097,North Africa,NS,NS,Morocco
STAR141,CYP2C9*1,PHARGENE25,DRUG27,CYP2C9 *9/*11 + *5/*8 are associated with decreased metabolism of acenocoumarol in healthy individuals as compared to CYP2C9 *1/*1.,REF155,> 0.05,PharmGKB,1444706610,West Africa,NS,NS,Benin
STAR24,CYP2C9*11,PHARGENE25,DRUG27,CYP2C9 *11 is not associated with increased response to acenocoumarol as compared to CYP2C9 *1.,REF155,> 0.05,PharmGKB,981940175,West Africa,NS,NS,Benin
STAR142,CYP2C9*11,PHARGENE25,DRUG27,CYP2C9 *11 is not associated with increased response to acenocoumarol as compared to CYP2C9 *1.,REF155,> 0.05,PharmGKB,1444706610,West Africa,NS,NS,Benin
STAR24,CYP2C9*11,PHARGENE25,DRUG27,CYP2C9 *9/*11 + *5/*8 are associated with decreased metabolism of acenocoumarol in healthy individuals as compared to CYP2C9 *1/*1.,REF155,> 0.05,PharmGKB,981940175,West Africa,NS,NS,Benin
STAR142,CYP2C9*11,PHARGENE25,DRUG27,CYP2C9 *9/*11 + *5/*8 are associated with decreased metabolism of acenocoumarol in healthy individuals as compared to CYP2C9 *1/*1.,REF155,> 0.05,PharmGKB,1444706610,West Africa,NS,NS,Benin
STAR26,CYP2C9*5,PHARGENE25,DRUG27,CYP2C9 *5 is not associated with increased response to acenocoumarol as compared to CYP2C9 *1.,REF155,> 0.05,PharmGKB,981940181,West Africa,NS,NS,Benin
STAR143,CYP2C9*5,PHARGENE25,DRUG27,CYP2C9 *5 is not associated with increased response to acenocoumarol as compared to CYP2C9 *1.,REF155,> 0.05,PharmGKB,1444706610,West Africa,NS,NS,Benin
STAR26,CYP2C9*5,PHARGENE25,DRUG27,CYP2C9 *9/*11 + *5/*8 are associated with decreased metabolism of acenocoumarol in healthy individuals as compared to CYP2C9 *1/*1.,REF155,> 0.05,PharmGKB,981940181,West Africa,NS,NS,Benin
STAR143,CYP2C9*5,PHARGENE25,DRUG27,CYP2C9 *9/*11 + *5/*8 are associated with decreased metabolism of acenocoumarol in healthy individuals as compared to CYP2C9 *1/*1.,REF155,> 0.05,PharmGKB,1444706610,West Africa,NS,NS,Benin
STAR27,CYP2C9*6,PHARGENE25,DRUG27,CYP2C9 *6 is not associated with increased response to acenocoumarol as compared to CYP2C9 *1.,REF155,> 0.05,PharmGKB,981940169,West Africa,NS,NS,Benin
STAR25,CYP2C9*8,PHARGENE25,DRUG27,CYP2C9 *8 is not associated with increased response to acenocoumarol as compared to CYP2C9 *1.,REF155,> 0.05,PharmGKB,981940163,West Africa,NS,NS,Benin
STAR144,CYP2C9*8,PHARGENE25,DRUG27,CYP2C9 *8 is not associated with increased response to acenocoumarol as compared to CYP2C9 *1.,REF155,> 0.05,PharmGKB,1444706610,West Africa,NS,NS,Benin
STAR25,CYP2C9*8,PHARGENE25,DRUG27,CYP2C9 *9/*11 + *5/*8 are associated with decreased metabolism of acenocoumarol in healthy individuals as compared to CYP2C9 *1/*1.,REF155,> 0.05,PharmGKB,981940163,West Africa,NS,NS,Benin
STAR144,CYP2C9*8,PHARGENE25,DRUG27,CYP2C9 *9/*11 + *5/*8 are associated with decreased metabolism of acenocoumarol in healthy individuals as compared to CYP2C9 *1/*1.,REF155,> 0.05,PharmGKB,1444706610,West Africa,NS,NS,Benin
STAR23,CYP2C9*9,PHARGENE25,DRUG27,CYP2C9 *9 is not associated with increased response to acenocoumarol as compared to CYP2C9 *1.,REF155,> 0.05,PharmGKB,981940156,West Africa,NS,NS,Benin
STAR145,CYP2C9*9,PHARGENE25,DRUG27,CYP2C9 *9 is not associated with increased response to acenocoumarol as compared to CYP2C9 *1.,REF155,> 0.05,PharmGKB,1444706610,West Africa,NS,NS,Benin
STAR23,CYP2C9*9,PHARGENE25,DRUG27,CYP2C9 *9/*11 + *5/*8 are associated with decreased metabolism of acenocoumarol in healthy individuals as compared to CYP2C9 *1/*1.,REF155,> 0.05,PharmGKB,981940156,West Africa,NS,NS,Benin
STAR145,CYP2C9*9,PHARGENE25,DRUG27,CYP2C9 *9/*11 + *5/*8 are associated with decreased metabolism of acenocoumarol in healthy individuals as compared to CYP2C9 *1/*1.,REF155,> 0.05,PharmGKB,1444706610,West Africa,NS,NS,Benin
STAR28,CYP2C9*1,PHARGENE25,DRUG28,CYP2C9 *1/*8 is not associated with decreased metabolism of losartan in healthy individuals as compared to CYP2C9 *1/*1.,REF144,NS,PharmGKB,1134736215,West Africa,NS,NS,Benin
STAR30,CYP2C9*1,PHARGENE25,DRUG28,CYP2C9 *1/*8 is not associated with decreased metabolism of losartan in healthy individuals as compared to CYP2C9 *1/*1.,REF144,NS,PharmGKB,1134049001,West Africa,NS,NS,Benin
STAR32,CYP2C9*1,PHARGENE25,DRUG28,CYP2C9 *1/*8 is not associated with decreased metabolism of losartan in healthy individuals as compared to CYP2C9 *1/*1.,REF144,NS,PharmGKB,1134807206,West Africa,NS,NS,Benin
STAR35,CYP2C9*1,PHARGENE25,DRUG28,CYP2C9 *1/*8 is not associated with decreased metabolism of losartan in healthy individuals as compared to CYP2C9 *1/*1.,REF144,NS,PharmGKB,1133417241,West Africa,NS,NS,Benin
STAR28,CYP2C9*1,PHARGENE25,DRUG28,CYP2C9 *1/*6 is associated with decreased metabolism of losartan in healthy individuals as compared to CYP2C9 *1/*1.,REF144,NS,PharmGKB,1134736215,West Africa,NS,NS,Benin
STAR30,CYP2C9*1,PHARGENE25,DRUG28,CYP2C9 *1/*6 is associated with decreased metabolism of losartan in healthy individuals as compared to CYP2C9 *1/*1.,REF144,NS,PharmGKB,1134049001,West Africa,NS,NS,Benin
STAR32,CYP2C9*1,PHARGENE25,DRUG28,CYP2C9 *1/*6 is associated with decreased metabolism of losartan in healthy individuals as compared to CYP2C9 *1/*1.,REF144,NS,PharmGKB,1134807206,West Africa,NS,NS,Benin
STAR35,CYP2C9*1,PHARGENE25,DRUG28,CYP2C9 *1/*6 is associated with decreased metabolism of losartan in healthy individuals as compared to CYP2C9 *1/*1.,REF144,NS,PharmGKB,1133417241,West Africa,NS,NS,Benin
STAR28,CYP2C9*1,PHARGENE25,DRUG28,CYP2C9 *1/*11 is not associated with decreased metabolism of losartan in healthy individuals as compared to CYP2C9 *1/*1.,REF144,NS,PharmGKB,1134736215,West Africa,NS,NS,Benin
STAR30,CYP2C9*1,PHARGENE25,DRUG28,CYP2C9 *1/*11 is not associated with decreased metabolism of losartan in healthy individuals as compared to CYP2C9 *1/*1.,REF144,NS,PharmGKB,1134049001,West Africa,NS,NS,Benin
STAR32,CYP2C9*1,PHARGENE25,DRUG28,CYP2C9 *1/*11 is not associated with decreased metabolism of losartan in healthy individuals as compared to CYP2C9 *1/*1.,REF144,NS,PharmGKB,1134807206,West Africa,NS,NS,Benin
STAR35,CYP2C9*1,PHARGENE25,DRUG28,CYP2C9 *1/*11 is not associated with decreased metabolism of losartan in healthy individuals as compared to CYP2C9 *1/*1.,REF144,NS,PharmGKB,1133417241,West Africa,NS,NS,Benin
STAR28,CYP2C9*1,PHARGENE25,DRUG28,CYP2C9 *1/*5 + *5/*6 is associated with decreased metabolism of losartan in healthy individuals as compared to CYP2C9 *1/*1.,REF144,NS,PharmGKB,1134736215,West Africa,NS,NS,Benin
STAR30,CYP2C9*1,PHARGENE25,DRUG28,CYP2C9 *1/*5 + *5/*6 is associated with decreased metabolism of losartan in healthy individuals as compared to CYP2C9 *1/*1.,REF144,NS,PharmGKB,1134049001,West Africa,NS,NS,Benin
STAR32,CYP2C9*1,PHARGENE25,DRUG28,CYP2C9 *1/*5 + *5/*6 is associated with decreased metabolism of losartan in healthy individuals as compared to CYP2C9 *1/*1.,REF144,NS,PharmGKB,1134807206,West Africa,NS,NS,Benin
STAR35,CYP2C9*1,PHARGENE25,DRUG28,CYP2C9 *1/*5 + *5/*6 is associated with decreased metabolism of losartan in healthy individuals as compared to CYP2C9 *1/*1.,REF144,NS,PharmGKB,1133417241,West Africa,NS,NS,Benin
STAR33,CYP2C9*11,PHARGENE25,DRUG28,CYP2C9 *1/*11 is not associated with decreased metabolism of losartan in healthy individuals as compared to CYP2C9 *1/*1.,REF144,0.11,PharmGKB,1134807206,West Africa,NS,NS,Benin
STAR36,CYP2C9*5,PHARGENE25,DRUG28,CYP2C9 *1/*5 + *5/*6 is associated with decreased metabolism of losartan in healthy individuals as compared to CYP2C9 *1/*1.,REF144,0.01,PharmGKB,1133417241,West Africa,NS,NS,Benin
STAR31,CYP2C9*6,PHARGENE25,DRUG28,CYP2C9 *1/*6 is associated with decreased metabolism of losartan in healthy individuals as compared to CYP2C9 *1/*1.,REF144,0.01,PharmGKB,1134049001,West Africa,NS,NS,Benin
STAR37,CYP2C9*6,PHARGENE25,DRUG28,CYP2C9 *1/*6 is associated with decreased metabolism of losartan in healthy individuals as compared to CYP2C9 *1/*1.,REF144,0.01,PharmGKB,1133417241,West Africa,NS,NS,Benin
STAR31,CYP2C9*6,PHARGENE25,DRUG28,CYP2C9 *1/*5 + *5/*6 is associated with decreased metabolism of losartan in healthy individuals as compared to CYP2C9 *1/*1.,REF144,0.01,PharmGKB,1134049001,West Africa,NS,NS,Benin
STAR37,CYP2C9*6,PHARGENE25,DRUG28,CYP2C9 *1/*5 + *5/*6 is associated with decreased metabolism of losartan in healthy individuals as compared to CYP2C9 *1/*1.,REF144,0.01,PharmGKB,1133417241,West Africa,NS,NS,Benin
STAR29,CYP2C9*8,PHARGENE25,DRUG28,CYP2C9 *1/*8 is not associated with decreased metabolism of losartan in healthy individuals as compared to CYP2C9 *1/*1.,REF144,0.01,PharmGKB,1134736215,West Africa,NS,NS,Benin
STAR60,CYP2C9*6,PHARGENE25,DRUG1,CYP2C9 *6/*6 is associated with decreased dose of warfarin.,REF4,NS,PharmGKB,1183701586,African-American/Afro-Caribbean,NS,NS,USA
STAR38,CYP2D6*1,PHARGENE26,DRUG31,"CYP2D6 *6 is associated with decreased response to codeine in children with Anemia, Sickle Cell as compared to CYP2D6 *1.",REF75,NS,PharmGKB,982046925,African-American/Afro-Caribbean,NS,NS,USA
STAR45,CYP2D6*1,PHARGENE26,DRUG31,"CYP2D6 *6 is associated with decreased response to codeine in children with Anemia, Sickle Cell as compared to CYP2D6 *1.",REF75,NS,PharmGKB,982046931,African-American/Afro-Caribbean,NS,NS,USA
STAR47,CYP2D6*1,PHARGENE26,DRUG31,"CYP2D6 *6 is associated with decreased response to codeine in children with Anemia, Sickle Cell as compared to CYP2D6 *1.",REF75,NS,PharmGKB,982046905,African-American/Afro-Caribbean,NS,NS,USA
STAR49,CYP2D6*1,PHARGENE26,DRUG31,"CYP2D6 *6 is associated with decreased response to codeine in children with Anemia, Sickle Cell as compared to CYP2D6 *1.",REF75,NS,PharmGKB,982046937,African-American/Afro-Caribbean,NS,NS,USA
STAR51,CYP2D6*1,PHARGENE26,DRUG31,"CYP2D6 *6 is associated with decreased response to codeine in children with Anemia, Sickle Cell as compared to CYP2D6 *1.",REF75,NS,PharmGKB,982046919,African-American/Afro-Caribbean,NS,NS,USA
STAR38,CYP2D6*1,PHARGENE26,DRUG31,"CYP2D6 *17 is associated with decreased response to codeine in children with Anemia, Sickle Cell as compared to CYP2D6 *1.",REF75,NS,PharmGKB,982046925,African-American/Afro-Caribbean,NS,NS,USA
STAR45,CYP2D6*1,PHARGENE26,DRUG31,"CYP2D6 *17 is associated with decreased response to codeine in children with Anemia, Sickle Cell as compared to CYP2D6 *1.",REF75,NS,PharmGKB,982046931,African-American/Afro-Caribbean,NS,NS,USA
STAR47,CYP2D6*1,PHARGENE26,DRUG31,"CYP2D6 *17 is associated with decreased response to codeine in children with Anemia, Sickle Cell as compared to CYP2D6 *1.",REF75,NS,PharmGKB,982046905,African-American/Afro-Caribbean,NS,NS,USA
STAR49,CYP2D6*1,PHARGENE26,DRUG31,"CYP2D6 *17 is associated with decreased response to codeine in children with Anemia, Sickle Cell as compared to CYP2D6 *1.",REF75,NS,PharmGKB,982046937,African-American/Afro-Caribbean,NS,NS,USA
STAR51,CYP2D6*1,PHARGENE26,DRUG31,"CYP2D6 *17 is associated with decreased response to codeine in children with Anemia, Sickle Cell as compared to CYP2D6 *1.",REF75,NS,PharmGKB,982046919,African-American/Afro-Caribbean,NS,NS,USA
STAR38,CYP2D6*1,PHARGENE26,DRUG31,"CYP2D6 *4 is associated with decreased response to codeine in children with Anemia, Sickle Cell as compared to CYP2D6 *1.",REF75,NS,PharmGKB,982046925,African-American/Afro-Caribbean,NS,NS,USA
STAR45,CYP2D6*1,PHARGENE26,DRUG31,"CYP2D6 *4 is associated with decreased response to codeine in children with Anemia, Sickle Cell as compared to CYP2D6 *1.",REF75,NS,PharmGKB,982046931,African-American/Afro-Caribbean,NS,NS,USA
STAR47,CYP2D6*1,PHARGENE26,DRUG31,"CYP2D6 *4 is associated with decreased response to codeine in children with Anemia, Sickle Cell as compared to CYP2D6 *1.",REF75,NS,PharmGKB,982046905,African-American/Afro-Caribbean,NS,NS,USA
STAR49,CYP2D6*1,PHARGENE26,DRUG31,"CYP2D6 *4 is associated with decreased response to codeine in children with Anemia, Sickle Cell as compared to CYP2D6 *1.",REF75,NS,PharmGKB,982046937,African-American/Afro-Caribbean,NS,NS,USA
STAR51,CYP2D6*1,PHARGENE26,DRUG31,"CYP2D6 *4 is associated with decreased response to codeine in children with Anemia, Sickle Cell as compared to CYP2D6 *1.",REF75,NS,PharmGKB,982046919,African-American/Afro-Caribbean,NS,NS,USA
STAR38,CYP2D6*1,PHARGENE26,DRUG31,"CYP2D6 *40 is associated with decreased response to codeine in children with Anemia, Sickle Cell as compared to CYP2D6 *1.",REF75,NS,PharmGKB,982046925,African-American/Afro-Caribbean,NS,NS,USA
STAR45,CYP2D6*1,PHARGENE26,DRUG31,"CYP2D6 *40 is associated with decreased response to codeine in children with Anemia, Sickle Cell as compared to CYP2D6 *1.",REF75,NS,PharmGKB,982046931,African-American/Afro-Caribbean,NS,NS,USA
STAR47,CYP2D6*1,PHARGENE26,DRUG31,"CYP2D6 *40 is associated with decreased response to codeine in children with Anemia, Sickle Cell as compared to CYP2D6 *1.",REF75,NS,PharmGKB,982046905,African-American/Afro-Caribbean,NS,NS,USA
STAR49,CYP2D6*1,PHARGENE26,DRUG31,"CYP2D6 *40 is associated with decreased response to codeine in children with Anemia, Sickle Cell as compared to CYP2D6 *1.",REF75,NS,PharmGKB,982046937,African-American/Afro-Caribbean,NS,NS,USA
STAR51,CYP2D6*1,PHARGENE26,DRUG31,"CYP2D6 *40 is associated with decreased response to codeine in children with Anemia, Sickle Cell as compared to CYP2D6 *1.",REF75,NS,PharmGKB,982046919,African-American/Afro-Caribbean,NS,NS,USA
STAR38,CYP2D6*1,PHARGENE26,DRUG31,"CYP2D6 *5 is associated with decreased response to codeine in children with Anemia, Sickle Cell as compared to CYP2D6 *1.",REF75,NS,PharmGKB,982046925,African-American/Afro-Caribbean,NS,NS,USA
STAR45,CYP2D6*1,PHARGENE26,DRUG31,"CYP2D6 *5 is associated with decreased response to codeine in children with Anemia, Sickle Cell as compared to CYP2D6 *1.",REF75,NS,PharmGKB,982046931,African-American/Afro-Caribbean,NS,NS,USA
STAR47,CYP2D6*1,PHARGENE26,DRUG31,"CYP2D6 *5 is associated with decreased response to codeine in children with Anemia, Sickle Cell as compared to CYP2D6 *1.",REF75,NS,PharmGKB,982046905,African-American/Afro-Caribbean,NS,NS,USA
STAR49,CYP2D6*1,PHARGENE26,DRUG31,"CYP2D6 *5 is associated with decreased response to codeine in children with Anemia, Sickle Cell as compared to CYP2D6 *1.",REF75,NS,PharmGKB,982046937,African-American/Afro-Caribbean,NS,NS,USA
STAR51,CYP2D6*1,PHARGENE26,DRUG31,"CYP2D6 *5 is associated with decreased response to codeine in children with Anemia, Sickle Cell as compared to CYP2D6 *1.",REF75,NS,PharmGKB,982046919,African-American/Afro-Caribbean,NS,NS,USA
STAR39,CYP2D6*6,PHARGENE26,DRUG31,"CYP2D6 *6 is associated with decreased response to codeine in children with Anemia, Sickle Cell as compared to CYP2D6 *1.",REF75,NS,PharmGKB,982046925,African-American/Afro-Caribbean,NS,NS,USA
STAR46,CYP2D6*17,PHARGENE26,DRUG31,"CYP2D6 *17 is associated with decreased response to codeine in children with Anemia, Sickle Cell as compared to CYP2D6 *1.",REF75,NS,PharmGKB,982046931,African-American/Afro-Caribbean,NS,NS,USA
STAR48,CYP2D6*4,PHARGENE26,DRUG31,"CYP2D6 *4 is associated with decreased response to codeine in children with Anemia, Sickle Cell as compared to CYP2D6 *1.",REF75,NS,PharmGKB,982046905,African-American/Afro-Caribbean,NS,NS,USA
STAR50,CYP2D6*40,PHARGENE26,DRUG31,"CYP2D6 *40 is associated with decreased response to codeine in children with Anemia, Sickle Cell as compared to CYP2D6 *1.",REF75,NS,PharmGKB,982046937,African-American/Afro-Caribbean,NS,NS,USA
STAR52,CYP2D6*5,PHARGENE26,DRUG31,"CYP2D6 *5 is associated with decreased response to codeine in children with Anemia, Sickle Cell as compared to CYP2D6 *1.",REF75,NS,PharmGKB,982046919,African-American/Afro-Caribbean,NS,NS,USA
STAR75,CYP2D6*1,PHARGENE26,DRUG36,CYP2D6 *17 is associated with decreased metabolism of dextromethorphan in healthy individuals as compared to CYP2D6 *1.,REF65,NS,PharmGKB,1184757110,African-American/Afro-Caribbean,NS,NS,USA
STAR77,CYP2D6*1,PHARGENE26,DRUG36,CYP2D6 *17 is associated with decreased metabolism of dextromethorphan in healthy individuals as compared to CYP2D6 *1.,REF65,NS,PharmGKB,1184757117,African-American/Afro-Caribbean,NS,NS,USA
STAR75,CYP2D6*1,PHARGENE26,DRUG36,CYP2D6 *29 is associated with decreased metabolism of dextromethorphan in healthy individuals as compared to CYP2D6 *1.,REF65,NS,PharmGKB,1184757110,African-American/Afro-Caribbean,NS,NS,USA
STAR77,CYP2D6*1,PHARGENE26,DRUG36,CYP2D6 *29 is associated with decreased metabolism of dextromethorphan in healthy individuals as compared to CYP2D6 *1.,REF65,NS,PharmGKB,1184757117,African-American/Afro-Caribbean,NS,NS,USA
STAR90,CYP2D6*6,PHARGENE26,DRUG36,CYP2D6 *6/*40 + *4/*40 (assigned as poor metabolizers phenotype) is associated with decreased metabolism of dextromethorphan in healthy individuals.,REF65,NS,PharmGKB,1184757079,African-American/Afro-Caribbean,NS,NS,USA
STAR76,CYP2D6*17,PHARGENE26,DRUG36,CYP2D6 *17 is associated with decreased metabolism of dextromethorphan in healthy individuals as compared to CYP2D6 *1.,REF65,NS,PharmGKB,1184757110,African-American/Afro-Caribbean,NS,NS,USA
STAR88,CYP2D6*4,PHARGENE26,DRUG36,CYP2D6 *6/*40 + *4/*40 (assigned as poor metabolizers phenotype) is associated with decreased metabolism of dextromethorphan in healthy individuals.,REF65,NS,PharmGKB,1184757079,African-American/Afro-Caribbean,NS,NS,USA
STAR89,CYP2D6*40,PHARGENE26,DRUG36,CYP2D6 *6/*40 + *4/*40 (assigned as poor metabolizers phenotype) is associated with decreased metabolism of dextromethorphan in healthy individuals.,REF65,NS,PharmGKB,1184757079,African-American/Afro-Caribbean,NS,NS,USA
STAR78,CYP2D6*29,PHARGENE26,DRUG36,CYP2D6 *29 is associated with decreased metabolism of dextromethorphan in healthy individuals as compared to CYP2D6 *1.,REF65,NS,PharmGKB,1184757117,African-American/Afro-Caribbean,NS,NS,USA
STAR91,CYP2D6*3,PHARGENE26,DRUG36,CYP2D6 *3/*4xN (assigned as poor metabolizers phenotype) is associated with decreased metabolism of dextromethorphan in healthy individuals.,REF65,NS,PharmGKB,1184986056,African-American/Afro-Caribbean,NS,NS,USA
STAR92,CYP2D6*4xN,PHARGENE26,DRUG36,CYP2D6 *3/*4xN (assigned as poor metabolizers phenotype) is associated with decreased metabolism of dextromethorphan in healthy individuals.,REF65,NS,PharmGKB,1184986056,African-American/Afro-Caribbean,NS,NS,USA
STAR97,CYP2D6*1,PHARGENE26,DRUG31,"CYP2D6 *5/*17 is associated with decreased metabolism of codeine, debrisoquine, dextromethorphan or metoprolol in healthy individuals as compared to CYP2D6 *17/*17 + *1/*1.",REF49,NS,PharmGKB,1184756913,East Africa,NS,"Authors described Tanzanians as ""black Tanzanians'.",East Africa
STAR108,CYP2D6*1,PHARGENE26,DRUG31,"CYP2D6 *5/*17 is associated with decreased metabolism of codeine, debrisoquine, dextromethorphan or metoprolol in healthy individuals as compared to CYP2D6 *17/*17 + *1/*1.",REF49,NS,PharmGKB,1184756952,East Africa,NS,"Authors described Tanzanians as ""black Tanzanians'.",East Africa
STAR105,CYP2D6*1,PHARGENE26,DRUG36,"CYP2D6 *5/*17 is associated with decreased metabolism of codeine, debrisoquine, dextromethorphan or metoprolol in healthy individuals as compared to CYP2D6 *17/*17 + *1/*1.",REF49,NS,PharmGKB,1184756941,East Africa,NS,"Authors described Tanzanians as ""black Tanzanians'.",East Africa
STAR97,CYP2D6*1,PHARGENE26,DRUG31,CYP2D6 *29/*29 is associated with decreased metabolism of codeine or debrisoquine in healthy individuals as compared to CYP2D6 *1/*1 + *1/*2.,REF49,NS,PharmGKB,1184756913,East Africa,NS,NS,East Africa
STAR108,CYP2D6*1,PHARGENE26,DRUG31,CYP2D6 *29/*29 is associated with decreased metabolism of codeine or debrisoquine in healthy individuals as compared to CYP2D6 *1/*1 + *1/*2.,REF49,NS,PharmGKB,1184756952,East Africa,NS,NS,East Africa
STAR105,CYP2D6*1,PHARGENE26,DRUG36,CYP2D6 *29/*29 is associated with decreased metabolism of codeine or debrisoquine in healthy individuals as compared to CYP2D6 *1/*1 + *1/*2.,REF49,NS,PharmGKB,1184756941,East Africa,NS,NS,East Africa
STAR97,CYP2D6*1,PHARGENE26,DRUG31,CYP2D6 *29/*29 is associated with decreased metabolism of dextromethorphan or metoprolol in healthy individuals as compared to CYP2D6 *1/*1 + *1/*2.,REF49,NS,PharmGKB,1184756913,East Africa,NS,NS,East Africa
STAR108,CYP2D6*1,PHARGENE26,DRUG31,CYP2D6 *29/*29 is associated with decreased metabolism of dextromethorphan or metoprolol in healthy individuals as compared to CYP2D6 *1/*1 + *1/*2.,REF49,NS,PharmGKB,1184756952,East Africa,NS,NS,East Africa
STAR105,CYP2D6*1,PHARGENE26,DRUG36,CYP2D6 *29/*29 is associated with decreased metabolism of dextromethorphan or metoprolol in healthy individuals as compared to CYP2D6 *1/*1 + *1/*2.,REF49,NS,PharmGKB,1184756941,East Africa,NS,NS,East Africa
STAR98,CYP2D6*17,PHARGENE26,DRUG31,"CYP2D6 *5/*17 is associated with decreased metabolism of codeine, debrisoquine, dextromethorphan or metoprolol in healthy individuals as compared to CYP2D6 *17/*17 + *1/*1.",REF49,NS,PharmGKB,1184756913,East Africa,NS,NS,East Africa
STAR99,CYP2D6*5,PHARGENE26,DRUG31,"CYP2D6 *5/*17 is associated with decreased metabolism of codeine, debrisoquine, dextromethorphan or metoprolol in healthy individuals as compared to CYP2D6 *17/*17 + *1/*1.",REF49,NS,PharmGKB,1184756913,East Africa,NS,NS,East Africa
STAR110,CYP2D6*29,PHARGENE26,DRUG31,CYP2D6 *29/*29 is associated with decreased metabolism of codeine or debrisoquine in healthy individuals as compared to CYP2D6 *1/*1 + *1/*2.,REF49,NS,PharmGKB,1184756952,East Africa,NS,NS,East Africa
STAR107,CYP2D6*29,PHARGENE26,DRUG36,CYP2D6 *29/*29 is associated with decreased metabolism of codeine or debrisoquine in healthy individuals as compared to CYP2D6 *1/*1 + *1/*2.,REF49,NS,PharmGKB,1184756941,East Africa,NS,NS,East Africa
STAR110,CYP2D6*29,PHARGENE26,DRUG31,CYP2D6 *29/*29 is associated with decreased metabolism of dextromethorphan or metoprolol in healthy individuals as compared to CYP2D6 *1/*1 + *1/*2.,REF49,NS,PharmGKB,1184756952,East Africa,NS,NS,East Africa
STAR107,CYP2D6*29,PHARGENE26,DRUG36,CYP2D6 *29/*29 is associated with decreased metabolism of dextromethorphan or metoprolol in healthy individuals as compared to CYP2D6 *1/*1 + *1/*2.,REF49,NS,PharmGKB,1184756941,East Africa,NS,NS,East Africa
STAR109,CYP2D6*2,PHARGENE26,DRUG31,CYP2D6 *29/*29 is associated with decreased metabolism of codeine or debrisoquine in healthy individuals as compared to CYP2D6 *1/*1 + *1/*2.,REF49,NS,PharmGKB,1184756952,East Africa,NS,NS,East Africa
STAR106,CYP2D6*2,PHARGENE26,DRUG36,CYP2D6 *29/*29 is associated with decreased metabolism of codeine or debrisoquine in healthy individuals as compared to CYP2D6 *1/*1 + *1/*2.,REF49,NS,PharmGKB,1184756941,East Africa,NS,NS,East Africa
STAR109,CYP2D6*2,PHARGENE26,DRUG31,CYP2D6 *29/*29 is associated with decreased metabolism of dextromethorphan or metoprolol in healthy individuals as compared to CYP2D6 *1/*1 + *1/*2.,REF49,NS,PharmGKB,1184756952,East Africa,NS,NS,East Africa
STAR106,CYP2D6*2,PHARGENE26,DRUG36,CYP2D6 *29/*29 is associated with decreased metabolism of dextromethorphan or metoprolol in healthy individuals as compared to CYP2D6 *1/*1 + *1/*2.,REF49,NS,PharmGKB,1184756941,East Africa,NS,NS,East Africa
STAR178,CYP2D6*17,PHARGENE26,DRUG31,"CYP2D6 *17 is associated with decreased metabolism of codeine in people with Anemia, Sickle Cell.",REF18,0.16,PharmGKB,1447963867,African-American/Afro-Caribbean,NS,NS,USA
STAR153,CYP2D6*4,PHARGENE26,DRUG36,CYP2D6 *4/*36 (assigned as poor metabolizers phenotype) is associated with decreased metabolism of dextromethorphan.,REF76,NS,PharmGKB,1446897132,African-American/Afro-Caribbean,NS,NS,USA
STAR155,CYP2D6*4xN,PHARGENE26,DRUG36,CYP2D6 *4xN/*36 (assigned as poor metabolizers phenotype) is associated with decreased metabolism of dextromethorphan.,REF76,NS,PharmGKB,1446897141,African-American/Afro-Caribbean,NS,NS,USA
STAR152,CYP2D6*36,PHARGENE26,DRUG36,CYP2D6 *4/*36 (assigned as poor metabolizers phenotype) is associated with decreased metabolism of dextromethorphan.,REF76,NS,PharmGKB,1446897132,African-American/Afro-Caribbean,NS,NS,USA
STAR154,CYP2D6*36,PHARGENE26,DRUG36,CYP2D6 *4/*36 (assigned as poor metabolizers phenotype) is associated with decreased metabolism of dextromethorphan.,REF76,NS,PharmGKB,1446897141,African-American/Afro-Caribbean,NS,NS,USA
STAR157,CYP2D6*36,PHARGENE26,DRUG36,CYP2D6 *4/*36 (assigned as poor metabolizers phenotype) is associated with decreased metabolism of dextromethorphan.,REF76,NS,PharmGKB,1446897151,African-American/Afro-Caribbean,NS,NS,USA
STAR152,CYP2D6*36,PHARGENE26,DRUG36,CYP2D6 *4xN/*36 (assigned as poor metabolizers phenotype) is associated with decreased metabolism of dextromethorphan.,REF76,NS,PharmGKB,1446897132,African-American/Afro-Caribbean,NS,NS,USA
STAR154,CYP2D6*36,PHARGENE26,DRUG36,CYP2D6 *4xN/*36 (assigned as poor metabolizers phenotype) is associated with decreased metabolism of dextromethorphan.,REF76,NS,PharmGKB,1446897141,African-American/Afro-Caribbean,NS,NS,USA
STAR157,CYP2D6*36,PHARGENE26,DRUG36,CYP2D6 *4xN/*36 (assigned as poor metabolizers phenotype) is associated with decreased metabolism of dextromethorphan.,REF76,NS,PharmGKB,1446897151,African-American/Afro-Caribbean,NS,NS,USA
STAR152,CYP2D6*36,PHARGENE26,DRUG36,CYP2D6 *2/*36 (assigned as extensive metabolizer phenotype) is not associated with decreased metabolism of dextromethorphan.,REF76,NS,PharmGKB,1446897132,African-American/Afro-Caribbean,NS,NS,USA
STAR154,CYP2D6*36,PHARGENE26,DRUG36,CYP2D6 *2/*36 (assigned as extensive metabolizer phenotype) is not associated with decreased metabolism of dextromethorphan.,REF76,NS,PharmGKB,1446897141,African-American/Afro-Caribbean,NS,NS,USA
STAR157,CYP2D6*36,PHARGENE26,DRUG36,CYP2D6 *2/*36 (assigned as extensive metabolizer phenotype) is not associated with decreased metabolism of dextromethorphan.,REF76,NS,PharmGKB,1446897151,African-American/Afro-Caribbean,NS,NS,USA
STAR156,CYP2D6*2,PHARGENE26,DRUG36,CYP2D6 *2/*36 (assigned as extensive metabolizer phenotype) is not associated with decreased metabolism of dextromethorphan.,REF76,NS,PharmGKB,1446897151,African-American/Afro-Caribbean,NS,NS,USA
STAR83,CYP2D6*40,PHARGENE26,DRUG36,CYP2D6 *40/*42 (assigned as poor metabolizers phenotype) is associated with decreased metabolism of dextromethorphan in healthy individuals.,REF55,NS,PharmGKB,1184757143,African-American/Afro-Caribbean,NS,NS,USA
STAR84,CYP2D6*42,PHARGENE26,DRUG36,CYP2D6 *40/*42 (assigned as poor metabolizers phenotype) is associated with decreased metabolism of dextromethorphan in healthy individuals.,REF55,NS,PharmGKB,1184757143,African-American/Afro-Caribbean,NS,NS,USA
STAR94,CYP2D6*5,PHARGENE26,DRUG36,CYP2D6 *5/*100 (assigned as poor metabolizers phenotype) is associated with decreased metabolism of dextromethorphan in healthy individuals.,REF119,NS,PharmGKB,1184989053,African-American/Afro-Caribbean,NS,NS,Trinidad
STAR96,CYP2D6*2,PHARGENE26,DRUG36,CYP2D6 *2/*101 is associated with decreased metabolism of dextromethorphan in healthy individuals.,REF119,NS,PharmGKB,1184989087,African-American/Afro-Caribbean,NS,NS,Trinidad
STAR93,CYP2D6*100,PHARGENE26,DRUG36,CYP2D6 *5/*100 (assigned as poor metabolizers phenotype) is associated with decreased metabolism of dextromethorphan in healthy individuals.,REF119,NS,PharmGKB,1184989053,African-American/Afro-Caribbean,NS,NS,Trinidad
STAR95,CYP2D6*101,PHARGENE26,DRUG36,CYP2D6 *2/*101 is associated with decreased metabolism of dextromethorphan in healthy individuals.,REF119,NS,PharmGKB,1184989087,African-American/Afro-Caribbean,NS,NS,Trinidad
STAR116,CYP2D6*4xN,PHARGENE26,DRUG36,CYP2D6 *4xN/*56 is associated with decreased metabolism of dextromethorphan.,REF23,NS,PharmGKB,1184986040,African-American/Afro-Caribbean,NS,NS,USA
STAR117,CYP2D6*56,PHARGENE26,DRUG36,CYP2D6 *4xN/*56 is associated with decreased metabolism of dextromethorphan.,REF23,NS,PharmGKB,1184986040,African-American/Afro-Caribbean,NS,NS,USA
STAR202,CYP2D6*2,PHARGENE26,DRUG57,CYP2D6 *2/*41 is associated with increased concentrations of hydrocodone.,REF59,NS,PharmGKB,1449189944,East Africa,NS,NS,Somali
STAR203,CYP2D6*41,PHARGENE26,DRUG57,CYP2D6 *2/*41 is associated with increased concentrations of hydrocodone.,REF59,NS,PharmGKB,1449189944,East Africa,NS,NS,Somali
STAR111,CYP2B6*6,PHARGENE21,DRUG5,CYP2B6 *6/*6 is associated with decreased metabolism of efavirenz in people with HIV.,REF159,NS,PharmGKB,1184988338,"East Africa, Southern Africa",NS,Ugandan populations included Bantu and Nilotic populations,"Uganda, Zimbabwe"
STAR112,CYP2B6*1,PHARGENE21,DRUG5,CYP2B6 *1/*18 is associated with decreased metabolism of efavirenz in people with HIV.,REF159,NS,PharmGKB,1184988346,"East Africa, Southern Africa",NS,Ugandan populations included Bantu and Nilotic populations,"Uganda, Zimbabwe"
STAR114,CYP2B6*1,PHARGENE21,DRUG5,CYP2B6 *1/*18 is associated with decreased metabolism of efavirenz in people with HIV.,REF159,NS,PharmGKB,1184988354,"East Africa, Southern Africa",NS,Ugandan populations included Bantu and Nilotic populations,"Uganda, Zimbabwe"
STAR112,CYP2B6*1,PHARGENE21,DRUG5,CYP2B6 *1/*9 is associated with decreased metabolism of efavirenz in people with HIV.,REF159,NS,PharmGKB,1184988346,"East Africa, Southern Africa",NS,Ugandan populations included Bantu and Nilotic populations,"Uganda, Zimbabwe"
STAR114,CYP2B6*1,PHARGENE21,DRUG5,CYP2B6 *1/*9 is associated with decreased metabolism of efavirenz in people with HIV.,REF159,NS,PharmGKB,1184988354,"East Africa, Southern Africa",NS,Ugandan populations included Bantu and Nilotic populations,"Uganda, Zimbabwe"
STAR113,CYP2B6*18,PHARGENE21,DRUG5,CYP2B6 *1/*18 is associated with decreased metabolism of efavirenz in people with HIV.,REF159,NS,PharmGKB,1184988346,"East Africa, Southern Africa",NS,Ugandan populations included Bantu and Nilotic populations,"Uganda, Zimbabwe"
STAR115,CYP2B6*9,PHARGENE21,DRUG5,CYP2B6 *1/*9 is associated with decreased metabolism of efavirenz in people with HIV.,REF159,NS,PharmGKB,1184988354,"East Africa, Southern Africa",NS,Ugandan populations included Bantu and Nilotic populations,"Uganda, Zimbabwe"
STAR63,CYP2B6*6,PHARGENE21,DRUG5,CYP2B6 *6 is associated with metabolism of efavirenz in people with HIV.,REF81,<0.0001,PharmGKB,1183944291,East Africa,NS,NS,Uganda
STAR65,CYP2B6*6,PHARGENE21,DRUG5,CYP2B6 *6 is associated with metabolism of efavirenz in people with HIV.,REF81,<0.0001,PharmGKB,1183764170,East Africa,NS,NS,Uganda
STAR67,CYP2B6*6,PHARGENE21,DRUG5,CYP2B6 *6 is associated with metabolism of efavirenz in people with HIV.,REF81,<0.0001,PharmGKB,1183771932,East Africa,NS,NS,Uganda
STAR63,CYP2B6*6,PHARGENE21,DRUG5,CYP2B6 *1/*1 is associated with increased metabolism of efavirenz in people with HIV as compared to CYP2B6 *6/*6.,REF81,<0.0001,PharmGKB,1183944291,East Africa,NS,NS,Uganda
STAR65,CYP2B6*6,PHARGENE21,DRUG5,CYP2B6 *1/*1 is associated with increased metabolism of efavirenz in people with HIV as compared to CYP2B6 *6/*6.,REF81,<0.0001,PharmGKB,1183764170,East Africa,NS,NS,Uganda
STAR67,CYP2B6*6,PHARGENE21,DRUG5,CYP2B6 *1/*1 is associated with increased metabolism of efavirenz in people with HIV as compared to CYP2B6 *6/*6.,REF81,<0.0001,PharmGKB,1183771932,East Africa,NS,NS,Uganda
STAR63,CYP2B6*6,PHARGENE21,DRUG5,CYP2B6 *1/*6 is associated with increased metabolism of efavirenz in people with HIV as compared to CYP2B6 *6/*6.,REF81,<0.0001,PharmGKB,1183944291,East Africa,NS,NS,Uganda
STAR65,CYP2B6*6,PHARGENE21,DRUG5,CYP2B6 *1/*6 is associated with increased metabolism of efavirenz in people with HIV as compared to CYP2B6 *6/*6.,REF81,<0.0001,PharmGKB,1183764170,East Africa,NS,NS,Uganda
STAR67,CYP2B6*6,PHARGENE21,DRUG5,CYP2B6 *1/*6 is associated with increased metabolism of efavirenz in people with HIV as compared to CYP2B6 *6/*6.,REF81,<0.0001,PharmGKB,1183771932,East Africa,NS,NS,Uganda
STAR64,CYP2B6*1,PHARGENE21,DRUG5,CYP2B6 *1/*1 is associated with increased metabolism of efavirenz in people with HIV as compared to CYP2B6 *6/*6.,REF81,NS,PharmGKB,1183764170,East Africa,NS,NS,Uganda
STAR66,CYP2B6*1,PHARGENE21,DRUG5,CYP2B6 *1/*1 is associated with increased metabolism of efavirenz in people with HIV as compared to CYP2B6 *6/*6.,REF81,NS,PharmGKB,1183771932,East Africa,NS,NS,Uganda
STAR64,CYP2B6*1,PHARGENE21,DRUG5,CYP2B6 *1/*6 is associated with increased metabolism of efavirenz in people with HIV as compared to CYP2B6 *6/*6.,REF81,NS,PharmGKB,1183764170,East Africa,NS,NS,Uganda
STAR66,CYP2B6*1,PHARGENE21,DRUG5,CYP2B6 *1/*6 is associated with increased metabolism of efavirenz in people with HIV as compared to CYP2B6 *6/*6.,REF81,NS,PharmGKB,1183771932,East Africa,NS,NS,Uganda
STAR180,CYP2B6*6,PHARGENE21,DRUG5,CYP2B6 *6 is associated with increased concentrations of efavirenz in people with HIV as compared to CYP2B6 *1/*1.,REF110,NS,PharmGKB,1448997246,Central Africa,NS,"HIV positive patients. P-values not provided, confidence intervals are.",Uganda
STAR179,CYP2B6*1,PHARGENE21,DRUG5,CYP2B6 *6 is associated with increased concentrations of efavirenz in people with HIV as compared to CYP2B6 *1/*1.,REF110,NS,PharmGKB,1448997246,Central Africa,NS,HIV positive patients,Uganda
STAR182,CYP2B6*6,PHARGENE21,DRUG5,CYP2B6 *6 is associated with decreased clearance of efavirenz in healthy individuals as compared to CYP2B6 *1/*1.,REF26,NS,PharmGKB,1448995871,Central Africa,NS,"HIV positive patients. P-values not provided, confidence intervals are.",Uganda
STAR181,CYP2B6*1,PHARGENE21,DRUG5,CYP2B6 *6 is associated with decreased clearance of efavirenz in healthy individuals as compared to CYP2B6 *1/*1.,REF26,NS,PharmGKB,1448995871,Central Africa,NS,HIV positive patients,Uganda
STAR189,CYP2B6*1,PHARGENE21,DRUG5,CYP2B6 *6 is associated with decreased clearance of efavirenz in healthy individuals as compared to CYP2B6 *1/*1.,REF26,NS,PharmGKB,1448995884,Central Africa,NS,HIV positive patients,Uganda
STAR181,CYP2B6*1,PHARGENE21,DRUG5,CYP2B6 *11 is associated with decreased clearance of efavirenz in healthy individuals as compared to CYP2B6 *1/*1.,REF26,NS,PharmGKB,1448995871,Central Africa,NS,HIV positive patients,Uganda
STAR189,CYP2B6*1,PHARGENE21,DRUG5,CYP2B6 *11 is associated with decreased clearance of efavirenz in healthy individuals as compared to CYP2B6 *1/*1.,REF26,NS,PharmGKB,1448995884,Central Africa,NS,HIV positive patients,Uganda
STAR190,CYP2B6*11,PHARGENE21,DRUG5,CYP2B6 *11 is associated with decreased clearance of efavirenz in healthy individuals as compared to CYP2B6 *1/*1.,REF26,NS,PharmGKB,1448995884,Central Africa,NS,"HIV positive patients. P-values not provided, confidence intervals are.",Uganda
STAR192,CYP2B6*6,PHARGENE21,DRUG5,CYP2B6 *6/*6 is associated with increased concentrations of efavirenz in people with HIV as compared to CYP2B6 *1/*1.,REF77,<0.0001,PharmGKB,1448995859,Southern Africa,NS,NS,East Africa
STAR191,CYP2B6*1,PHARGENE21,DRUG5,CYP2B6 *6/*6 is associated with increased concentrations of efavirenz in people with HIV as compared to CYP2B6 *1/*1.,REF77,NS,PharmGKB,1448995859,Southern Africa,NS,NS,East Africa
STAR205,CYP2B6*6,PHARGENE21,DRUG5,CYP2B6 *6 is associated with increased trough concentration of efavirenz in people with HIV and Tuberculosis as compared to CYP2B6 *1.,REF3,<0.001,PharmGKB,1447984366,Central Africa,NS,NS,Uganda
STAR204,CYP2B6*1,PHARGENE21,DRUG5,CYP2B6 *6 is associated with increased trough concentration of efavirenz in people with HIV and Tuberculosis as compared to CYP2B6 *1.,REF3,NS,PharmGKB,1447984366,Central Africa,NS,NS,Uganda
STAR20,CYP2B6*6,PHARGENE21,DRUG22,CYP2B6 *1/*6 + *1/*18 is associated with decreased metabolism of bupropion in people with Tobacco Use Disorder as compared to CYP2B6 *1/*1 + *1/*4 + *1/*5 + *1/*22 + *22/*22.,REF22,0.01,PharmGKB,1445403153,African-American/Afro-Caribbean,African-American/Afro-Caribbean,NS,USA
STAR151,CYP2B6*6,PHARGENE21,DRUG22,CYP2B6 *1/*6 + *1/*18 is associated with decreased metabolism of bupropion in people with Tobacco Use Disorder as compared to CYP2B6 *1/*1 + *1/*4 + *1/*5 + *1/*22 + *22/*22.,REF22,0.01,PharmGKB,1445403174,African-American/Afro-Caribbean,African-American/Afro-Caribbean,NS,USA
STAR20,CYP2B6*6,PHARGENE21,DRUG22,CYP2B6 *6/*6 + *6/*18 is associated with decreased metabolism of bupropion in people with Tobacco Use Disorder as compared to CYP2B6 *1/*1 + *1/*4 + *1/*5 + *1/*22 + *22/*22.,REF22,NS,PharmGKB,1445403153,African-American/Afro-Caribbean,African-American/Afro-Caribbean,NS,USA
STAR151,CYP2B6*6,PHARGENE21,DRUG22,CYP2B6 *6/*6 + *6/*18 is associated with decreased metabolism of bupropion in people with Tobacco Use Disorder as compared to CYP2B6 *1/*1 + *1/*4 + *1/*5 + *1/*22 + *22/*22.,REF22,NS,PharmGKB,1445403174,African-American/Afro-Caribbean,African-American/Afro-Caribbean,NS,USA
STAR15,CYP2B6*1,PHARGENE21,DRUG22,CYP2B6 *1/*6 + *1/*18 is associated with decreased metabolism of bupropion in people with Tobacco Use Disorder as compared to CYP2B6 *1/*1 + *1/*4 + *1/*5 + *1/*22 + *22/*22.,REF22,NS,PharmGKB,1445403153,African-American/Afro-Caribbean,African-American/Afro-Caribbean,NS,USA
STAR146,CYP2B6*1,PHARGENE21,DRUG22,CYP2B6 *1/*6 + *1/*18 is associated with decreased metabolism of bupropion in people with Tobacco Use Disorder as compared to CYP2B6 *1/*1 + *1/*4 + *1/*5 + *1/*22 + *22/*22.,REF22,NS,PharmGKB,1445403174,African-American/Afro-Caribbean,African-American/Afro-Caribbean,NS,USA
STAR15,CYP2B6*1,PHARGENE21,DRUG22,CYP2B6 *6/*6 + *6/*18 is associated with decreased metabolism of bupropion in people with Tobacco Use Disorder as compared to CYP2B6 *1/*1 + *1/*4 + *1/*5 + *1/*22 + *22/*22.,REF22,NS,PharmGKB,1445403153,African-American/Afro-Caribbean,African-American/Afro-Caribbean,NS,USA
STAR146,CYP2B6*1,PHARGENE21,DRUG22,CYP2B6 *6/*6 + *6/*18 is associated with decreased metabolism of bupropion in people with Tobacco Use Disorder as compared to CYP2B6 *1/*1 + *1/*4 + *1/*5 + *1/*22 + *22/*22.,REF22,NS,PharmGKB,1445403174,African-American/Afro-Caribbean,African-American/Afro-Caribbean,NS,USA
STAR16,CYP2B6*18,PHARGENE21,DRUG22,CYP2B6 *1/*6 + *1/*18 is associated with decreased metabolism of bupropion in people with Tobacco Use Disorder as compared to CYP2B6 *1/*1 + *1/*4 + *1/*5 + *1/*22 + *22/*22.,REF22,0.01,PharmGKB,1445403153,African-American/Afro-Caribbean,African-American/Afro-Caribbean,NS,USA
STAR147,CYP2B6*18,PHARGENE21,DRUG22,CYP2B6 *1/*6 + *1/*18 is associated with decreased metabolism of bupropion in people with Tobacco Use Disorder as compared to CYP2B6 *1/*1 + *1/*4 + *1/*5 + *1/*22 + *22/*22.,REF22,0.01,PharmGKB,1445403174,African-American/Afro-Caribbean,African-American/Afro-Caribbean,NS,USA
STAR16,CYP2B6*18,PHARGENE21,DRUG22,CYP2B6 *6/*6 + *6/*18 is associated with decreased metabolism of bupropion in people with Tobacco Use Disorder as compared to CYP2B6 *1/*1 + *1/*4 + *1/*5 + *1/*22 + *22/*22.,REF22,NS,PharmGKB,1445403153,African-American/Afro-Caribbean,African-American/Afro-Caribbean,NS,USA
STAR147,CYP2B6*18,PHARGENE21,DRUG22,CYP2B6 *6/*6 + *6/*18 is associated with decreased metabolism of bupropion in people with Tobacco Use Disorder as compared to CYP2B6 *1/*1 + *1/*4 + *1/*5 + *1/*22 + *22/*22.,REF22,NS,PharmGKB,1445403174,African-American/Afro-Caribbean,African-American/Afro-Caribbean,NS,USA
STAR17,CYP2B6*22,PHARGENE21,DRUG22,CYP2B6 *1/*6 + *1/*18 is associated with decreased metabolism of bupropion in people with Tobacco Use Disorder as compared to CYP2B6 *1/*1 + *1/*4 + *1/*5 + *1/*22 + *22/*22.,REF22,0.46,PharmGKB,1445403153,African-American/Afro-Caribbean,African-American/Afro-Caribbean,NS,USA
STAR148,CYP2B6*22,PHARGENE21,DRUG22,CYP2B6 *1/*6 + *1/*18 is associated with decreased metabolism of bupropion in people with Tobacco Use Disorder as compared to CYP2B6 *1/*1 + *1/*4 + *1/*5 + *1/*22 + *22/*22.,REF22,0.46,PharmGKB,1445403174,African-American/Afro-Caribbean,African-American/Afro-Caribbean,NS,USA
STAR17,CYP2B6*22,PHARGENE21,DRUG22,CYP2B6 *6/*6 + *6/*18 is associated with decreased metabolism of bupropion in people with Tobacco Use Disorder as compared to CYP2B6 *1/*1 + *1/*4 + *1/*5 + *1/*22 + *22/*22.,REF22,NS,PharmGKB,1445403153,African-American/Afro-Caribbean,African-American/Afro-Caribbean,NS,USA
STAR148,CYP2B6*22,PHARGENE21,DRUG22,CYP2B6 *6/*6 + *6/*18 is associated with decreased metabolism of bupropion in people with Tobacco Use Disorder as compared to CYP2B6 *1/*1 + *1/*4 + *1/*5 + *1/*22 + *22/*22.,REF22,NS,PharmGKB,1445403174,African-American/Afro-Caribbean,African-American/Afro-Caribbean,NS,USA
STAR18,CYP2B6*4,PHARGENE21,DRUG22,CYP2B6 *1/*6 + *1/*18 is associated with decreased metabolism of bupropion in people with Tobacco Use Disorder as compared to CYP2B6 *1/*1 + *1/*4 + *1/*5 + *1/*22 + *22/*22.,REF22,NS,PharmGKB,1445403153,African-American/Afro-Caribbean,African-American/Afro-Caribbean,NS,USA
STAR149,CYP2B6*4,PHARGENE21,DRUG22,CYP2B6 *1/*6 + *1/*18 is associated with decreased metabolism of bupropion in people with Tobacco Use Disorder as compared to CYP2B6 *1/*1 + *1/*4 + *1/*5 + *1/*22 + *22/*22.,REF22,NS,PharmGKB,1445403174,African-American/Afro-Caribbean,African-American/Afro-Caribbean,NS,USA
STAR18,CYP2B6*4,PHARGENE21,DRUG22,CYP2B6 *6/*6 + *6/*18 is associated with decreased metabolism of bupropion in people with Tobacco Use Disorder as compared to CYP2B6 *1/*1 + *1/*4 + *1/*5 + *1/*22 + *22/*22.,REF22,NS,PharmGKB,1445403153,African-American/Afro-Caribbean,African-American/Afro-Caribbean,NS,USA
STAR149,CYP2B6*4,PHARGENE21,DRUG22,CYP2B6 *6/*6 + *6/*18 is associated with decreased metabolism of bupropion in people with Tobacco Use Disorder as compared to CYP2B6 *1/*1 + *1/*4 + *1/*5 + *1/*22 + *22/*22.,REF22,NS,PharmGKB,1445403174,African-American/Afro-Caribbean,African-American/Afro-Caribbean,NS,USA
STAR19,CYP2B6*5,PHARGENE21,DRUG22,CYP2B6 *1/*6 + *1/*18 is associated with decreased metabolism of bupropion in people with Tobacco Use Disorder as compared to CYP2B6 *1/*1 + *1/*4 + *1/*5 + *1/*22 + *22/*22.,REF22,0.91,PharmGKB,1445403153,African-American/Afro-Caribbean,African-American/Afro-Caribbean,NS,USA
STAR150,CYP2B6*5,PHARGENE21,DRUG22,CYP2B6 *1/*6 + *1/*18 is associated with decreased metabolism of bupropion in people with Tobacco Use Disorder as compared to CYP2B6 *1/*1 + *1/*4 + *1/*5 + *1/*22 + *22/*22.,REF22,0.91,PharmGKB,1445403174,African-American/Afro-Caribbean,African-American/Afro-Caribbean,NS,USA
STAR19,CYP2B6*5,PHARGENE21,DRUG22,CYP2B6 *6/*6 + *6/*18 is associated with decreased metabolism of bupropion in people with Tobacco Use Disorder as compared to CYP2B6 *1/*1 + *1/*4 + *1/*5 + *1/*22 + *22/*22.,REF22,NS,PharmGKB,1445403153,African-American/Afro-Caribbean,African-American/Afro-Caribbean,NS,USA
STAR150,CYP2B6*5,PHARGENE21,DRUG22,CYP2B6 *6/*6 + *6/*18 is associated with decreased metabolism of bupropion in people with Tobacco Use Disorder as compared to CYP2B6 *1/*1 + *1/*4 + *1/*5 + *1/*22 + *22/*22.,REF22,NS,PharmGKB,1445403174,African-American/Afro-Caribbean,African-American/Afro-Caribbean,NS,USA
STAR209,CYP2A6*2,PHARGENE20,DRUG5,CYP2A6 *2 is associated with decreased metabolism of efavirenz in people with HIV.,REF20,0.06,PharmGKB,827803602,Africa,NS,NS,Switzerland
STAR129,CYP2C19*1,PHARGENE23,DRUG40,CYP2C19 *1/*17 is associated with decreased concentrations of voriconazole.,REF161,NS,PharmGKB,1444828163,West Africa,NS,NS,Cameroon
STAR130,CYP2C19*17,PHARGENE23,DRUG40,CYP2C19 *1/*17 is associated with decreased concentrations of voriconazole.,REF161,NS,PharmGKB,1444828163,West Africa,NS,NS,Cameroon
STAR118,CYP2C19*1,PHARGENE23,DRUG22,CYP2C19 *2 + *17 are not associated with response to bupropion in people with Tobacco Use Disorder as compared to CYP2C19 *1.,REF124,NS,PharmGKB,1184985821,African-American/Afro-Caribbean,African-American/Afro-Caribbean,NS,USA
STAR119,CYP2C19*17,PHARGENE23,DRUG22,CYP2C19 *2 + *17 are not associated with response to bupropion in people with Tobacco Use Disorder as compared to CYP2C19 *1.,REF124,NS,PharmGKB,1184985821,African-American/Afro-Caribbean,African American; Asian; Caucasian,NS,USA
STAR120,CYP2C19*2,PHARGENE23,DRUG22,CYP2C19 *2 + *17 are not associated with response to bupropion in people with Tobacco Use Disorder as compared to CYP2C19 *1.,REF124,0.001,PharmGKB,1184985821,African-American/Afro-Caribbean,African American; Asian; Caucasian,"The phenotype is incorrect. CYP2C19*2 Was Associated with Significantly Higher Steady-State Bupropion, threohydrobupropion and erythrohydrobupropion.",USA
